combination,SumsOfSqs,MeanSqs,F.Model,R2,P.value,P.value.corrected
added <-> ambient,8.42929562303019,8.42929562303019,2.68201506879207,0.0238016250166871,0.001998001998002,0.001998001998002
added <-> drought,24.0334341211973,24.0334341211973,6.03849073232807,0.0520386872857332,0.000999000999000999,0.0014985014985015
ambient <-> drought,17.9220561617224,17.9220561617224,4.3765218182554,0.0382641625106393,0.000999000999000999,0.0014985014985015
